question,question_sub,answer,answer_sub,ef_factor,category_id,created_at,modified_at
踏む,ふむ,"밟다, 디디다, 스텝 온","to step on, to tread on",2.5,11,2026-02-03 15:25:02,2026-02-03 15:25:02
～区,～く,구,"~ district, ~ ward, ~ borough",2.5,11,2026-02-03 15:25:02,2026-02-03 15:25:02
すっと,すっと,"쓱, 쑥","straight, quickly",2.5,11,2026-02-03 15:25:02,2026-02-03 15:25:02
盗む,ぬすむ,훔치다,to steal; to rob,2.5,11,2026-02-03 15:25:02,2026-02-03 15:25:02
大抵,たいてい,"대개, 대부분, 정도껏","generally, usually",2.5,11,2026-02-03 15:25:02,2026-02-03 15:25:02
とうとう,とうとう,"끝내, 마침내, 결국","finally, at last",2.5,11,2026-02-03 15:25:02,2026-02-03 15:25:02
ガソリン,ガソリン,"휘발유, 가솔린, 기름","gasoline, petrol",2.5,11,2026-02-03 15:25:02,2026-02-03 15:25:02
鳴る,なる,"울리다, 소리가 나다","to sound, to ring (v.i.)",2.5,11,2026-02-03 15:25:02,2026-02-03 15:25:02
しっかり,しっかり,"확실히, 똑똑히, 바짝","firmly, steady",2.5,11,2026-02-03 15:25:02,2026-02-03 15:25:02
生きる,いきる,"생존하다, 생계를 유지하다, 살다",to live,2.5,11,2026-02-03 15:25:02,2026-02-03 15:25:02
苦い,にがい,쓰다,bitter,2.5,11,2026-02-03 15:25:02,2026-02-03 15:25:02
沸く,わく,"금속이 녹다, 끓다, 들끓다","to boil, to grow hot",2.5,11,2026-02-03 15:25:02,2026-02-03 15:25:02
意見,いけん,의견,"opinion, view, idea",2.5,11,2026-02-03 15:25:02,2026-02-03 15:25:02
やはり; やっぱり,やはり; やっぱり,"역시, 결국, 아무래도","as I thought, absolutely",2.5,11,2026-02-03 15:25:02,2026-02-03 15:25:02
漫画,まんが,만화,"comic (book), cartoon",2.5,11,2026-02-03 15:25:02,2026-02-03 15:25:02
ステレオ,ステレオ,스테레오,stereo,2.5,11,2026-02-03 15:25:02,2026-02-03 15:25:02
医学,いがく,"의학, 의과학",medical science,2.5,11,2026-02-03 15:25:02,2026-02-03 15:25:02
テキスト,テキスト,"텍스트, 미국정보교환표준코드",text; text book,2.5,11,2026-02-03 15:25:02,2026-02-03 15:25:02
～月,～つき,"월, 날, 달",month,2.5,11,2026-02-03 15:25:02,2026-02-03 15:25:02
折る,おる,"접다, 꺾다","to snap, to break; to bend",2.5,11,2026-02-03 15:25:02,2026-02-03 15:25:02
～会,～かい,"모임, 회",~ meeting,2.5,11,2026-02-03 15:25:02,2026-02-03 15:25:02
うかがう,うかがう,"여쭙다, 찾다",to ask,2.5,11,2026-02-03 15:25:02,2026-02-03 15:25:02
聞こえる,きこえる,들리다,"to be heard, to be audible",2.5,11,2026-02-03 15:25:02,2026-02-03 15:25:02
僕,ぼく,나,I (used by men towards those of equal or lower status),2.5,11,2026-02-03 15:25:02,2026-02-03 15:25:02
必ず,かならず,"반드시, 꼭, 기어이","surely, certainly",2.5,11,2026-02-03 15:25:02,2026-02-03 15:25:02
壊す,こわす,"부수다, 깨뜨리다, 깨다","to break, to break down",2.5,11,2026-02-03 15:25:02,2026-02-03 15:25:02
怒る,おこる,"성내다, 노하다, 화내다",to get angry; to scold angrily,2.5,11,2026-02-03 15:25:02,2026-02-03 15:25:02
床屋,とこや,"이발소, 이발사",barber's (shop),2.5,11,2026-02-03 15:25:02,2026-02-03 15:25:02
オートバイ,オートバイ,오토바이,motorcycle (lit: auto-bi(ke)),2.5,11,2026-02-03 15:25:02,2026-02-03 15:25:02
運動,うんどうする,"운동, 육체적인운동, 신체 운동",exercise,2.5,11,2026-02-03 15:25:02,2026-02-03 15:25:02
止む,やむ,"멈추다, 멎다, 그치다","to cease, to stop",2.5,11,2026-02-03 15:25:02,2026-02-03 15:25:02
もし,もし,"혹시, 만약",if,2.5,11,2026-02-03 15:25:02,2026-02-03 15:25:02
表,おもて,"표, 표면",surface; front; outside,2.5,11,2026-02-03 15:25:02,2026-02-03 15:25:02
大学生,だいがくせい,대학생,"college student, university student",2.5,11,2026-02-03 15:25:02,2026-02-03 15:25:02
運転手,うんてんしゅ,"운전 기사, 운전수, 기사",driver (by occupation),2.5,11,2026-02-03 15:25:02,2026-02-03 15:25:02
予習,よしゅう,예습,preparation of lessons (for class),2.5,11,2026-02-03 15:25:02,2026-02-03 15:25:02
心配,しんぱいする,"걱정, 근심","worry, concern",2.5,11,2026-02-03 15:25:02,2026-02-03 15:25:02
別,べつ,별,"distinction, different",2.5,11,2026-02-03 15:25:02,2026-02-03 15:25:02
非常に,ひじょうに,"상당히, 매우, 아주",extremely; very,2.5,11,2026-02-03 15:25:02,2026-02-03 15:25:02
お宅,おたく,댁,(someone else's) house; home -- polite word for 家 (いえ) --,2.5,11,2026-02-03 15:25:02,2026-02-03 15:25:02
柔らかい,やわらかい,"말랑하다, 부드럽다, 푹신하다","soft (in reference to texture), tender",2.5,11,2026-02-03 15:25:02,2026-02-03 15:25:02
拾う,ひろう,"줍다, 집다","to pick up (something), to find",2.5,11,2026-02-03 15:25:02,2026-02-03 15:25:02
～ございます,～ございます,있습니다 (존대),"to be (polite), to exist",2.5,11,2026-02-03 15:25:02,2026-02-03 15:25:02
気,き,"기, 기운","spirit, mood",2.5,11,2026-02-03 15:25:02,2026-02-03 15:25:02
比べる,くらべる,"비교하다, 비하다, 대조하다",to compare,2.5,11,2026-02-03 15:25:02,2026-02-03 15:25:02
ほとんど,ほとんど,"대부분, 거의","mostly, almost",2.5,11,2026-02-03 15:25:02,2026-02-03 15:25:02
つもり,つもり,"작정, 쌓임, 셈","intention, plan",2.5,11,2026-02-03 15:25:02,2026-02-03 15:25:02
郊外,こうがい,"교외, 교외촌, 교외지","suburb, outskirts",2.5,11,2026-02-03 15:25:02,2026-02-03 15:25:02
だめ,だめ,"안돼, 소용없음, 바둑의 공배","useless, no good, hopeless",2.5,11,2026-02-03 15:25:02,2026-02-03 15:25:02
売り場,うりば,"파는 곳, 매장",place where things are sold,2.5,11,2026-02-03 15:25:02,2026-02-03 15:25:02
正月,しょうがつ,정월,"New Year, New Year's Day",2.5,11,2026-02-03 15:25:02,2026-02-03 15:25:02
規則,きそく,규칙,"rule, regulation",2.5,11,2026-02-03 15:25:02,2026-02-03 15:25:02
うん,うん,"응, 그래, 운","yes (informal), all right (ok)",2.5,11,2026-02-03 15:25:02,2026-02-03 15:25:02
発音,はつおん,"발음, 음향발생, 소리 발생",pronunciation,2.5,11,2026-02-03 15:25:02,2026-02-03 15:25:02
焼く,やく,"굽다, 태우다, 데다","to bake, to grill",2.5,11,2026-02-03 15:25:02,2026-02-03 15:25:02
屋上,おくじょう,"옥상, 지붕층, 옥상슬래브",rooftop,2.5,11,2026-02-03 15:25:02,2026-02-03 15:25:02
失礼,しつれい,실례,"discourtesy, impoliteness; Excuse me",2.5,11,2026-02-03 15:25:02,2026-02-03 15:25:02
ごみ,ごみ,"쓰레기, 티, 티끌","trash, garbage",2.5,11,2026-02-03 15:25:02,2026-02-03 15:25:02
アフリカ,アフリカ,아프리카,Africa,2.5,11,2026-02-03 15:25:02,2026-02-03 15:25:02
点,てん,점,"mark, score, grade; point, dot",2.5,11,2026-02-03 15:25:02,2026-02-03 15:25:02
一生懸命,いっしょうけんめい,열심히,"very hard (as in ""to work hard""), with utmost effort",2.5,11,2026-02-03 15:25:02,2026-02-03 15:25:02
今度,こんど,"이번, 다음날","now, this time, near future, one of these days, next time",2.5,11,2026-02-03 15:25:02,2026-02-03 15:25:02
機会,きかい,기회,"chance, opportunity",2.5,11,2026-02-03 15:25:02,2026-02-03 15:25:02
建てる,たてる,"짓다, 세우다",to build,2.5,11,2026-02-03 15:25:02,2026-02-03 15:25:02
複雑,ふくざつ,복잡,"complexity, complication",2.5,11,2026-02-03 15:25:02,2026-02-03 15:25:02
彼,かれ,"저것, 그, 남자 친구","he, boyfriend",2.5,11,2026-02-03 15:25:02,2026-02-03 15:25:02
いらっしゃる,いらっしゃる,계시다,"-- honorific expression for いく, くる, and いる --",2.5,11,2026-02-03 15:25:02,2026-02-03 15:25:02
布団,ふとん,이불,futon,2.5,11,2026-02-03 15:25:02,2026-02-03 15:25:02
大事,だいじ,"큰일, 소중함, 중요함","important, valuable, serious matter",2.5,11,2026-02-03 15:25:02,2026-02-03 15:25:02
贈り物,おくりもの,"선물, 증흥권, 증정권",a gift; a present,2.5,11,2026-02-03 15:25:02,2026-02-03 15:25:02
泥棒,どろぼう,"도둑, 훔치기",thief; burglar,2.5,11,2026-02-03 15:25:02,2026-02-03 15:25:02
～製,～せい,"~제, 제",made in ~,2.5,11,2026-02-03 15:25:02,2026-02-03 15:25:02
注意,ちゅうい,주의,"caution, attention",2.5,11,2026-02-03 15:25:02,2026-02-03 15:25:02
台風,たいふう,태풍,typhoon,2.5,11,2026-02-03 15:25:02,2026-02-03 15:25:02
日,ひ,"일, 해","sun, sunshine, day",2.5,11,2026-02-03 15:25:02,2026-02-03 15:25:02
～軒,～けん,"채, 처마, 차양",counter for houses,2.5,11,2026-02-03 15:25:02,2026-02-03 15:25:02
そう,そう,"그래, 그렇게, 승","really, (is that) so; yes, right",2.5,11,2026-02-03 15:25:02,2026-02-03 15:25:02
通る,とおる,"통하다, 지나다, 통과하다","to pass (by), to go through",2.5,11,2026-02-03 15:25:02,2026-02-03 15:25:02
過ぎる,すぎる,"지나다, 넘다, 지나가다","to exceed, to go beyond",2.5,11,2026-02-03 15:25:02,2026-02-03 15:25:02
レポート; リポート,レポート; リポート,"레포트, 리포트, 보고",report,2.5,11,2026-02-03 15:25:02,2026-02-03 15:25:02
葉,は,"잎, 잎사귀, 이파리",leaf,2.5,11,2026-02-03 15:25:02,2026-02-03 15:25:02
必要,ひつよう,필요,necessary,2.5,11,2026-02-03 15:25:02,2026-02-03 15:25:02
課長,かちょう,"과장, 공구관리자",section manager,2.5,11,2026-02-03 15:25:02,2026-02-03 15:25:02
地震,じしん,지진,earthquake,2.5,11,2026-02-03 15:25:02,2026-02-03 15:25:02
すると,すると,"그러자, 그러면, 그렇다면","and, then",2.5,11,2026-02-03 15:25:02,2026-02-03 15:25:02
止める,やめる,"멈추게 하다, 그만두다, 멈추다","to end, to stop",2.5,11,2026-02-03 15:25:02,2026-02-03 15:25:02
ガラス,ガラス,유리,"glass, pane",2.5,11,2026-02-03 15:25:02,2026-02-03 15:25:02
～学部,～がくぶ,학부,department of a university,2.5,11,2026-02-03 15:25:02,2026-02-03 15:25:02
厳しい,きびしい,"엄하다, 엄격하다",hard; rigorous; strict,2.5,11,2026-02-03 15:25:02,2026-02-03 15:25:02
エスカレーター,エスカレーター,에스컬레이터,escalator,2.5,11,2026-02-03 15:25:02,2026-02-03 15:25:02
人口,じんこう,인구,population,2.5,11,2026-02-03 15:25:02,2026-02-03 15:25:02
月,つき,"월, 날, 달",moon,2.5,11,2026-02-03 15:25:02,2026-02-03 15:25:02
絹,きぬ,"비단, 명주",silk,2.5,11,2026-02-03 15:25:02,2026-02-03 15:25:02
ちっとも,ちっとも,"조금도, 전혀",not at all (neg. verb),2.5,11,2026-02-03 15:25:02,2026-02-03 15:25:02
深い,ふかい,깊다,"deep, profound",2.5,11,2026-02-03 15:25:02,2026-02-03 15:25:02
壊れる,こわれる,"깨지다, 깨어지다, 부서지다","to be broken, to break",2.5,11,2026-02-03 15:25:02,2026-02-03 15:25:02
揺れる,ゆれる,"흔들리다, 떨리다, 체류공기","to shake, to sway",2.5,11,2026-02-03 15:25:02,2026-02-03 15:25:02
落る,おちる,"떨어지다, 빠지다, 지다","to fall, to drop",2.5,11,2026-02-03 15:25:02,2026-02-03 15:25:02
できるだけ,できるだけ,"가능한 한, 되도록","if at all possible, as much as possible",2.5,11,2026-02-03 15:25:02,2026-02-03 15:25:02
悲しい,かなしい,"슬프다, 트리스테, 트리스트","sad, sorrowful",2.5,11,2026-02-03 15:25:02,2026-02-03 15:25:02
中学校,ちゅうがっこう,중학교,junior high school pupil,2.5,11,2026-02-03 15:25:02,2026-02-03 15:25:02
ガス,ガス,가스,gas,2.5,11,2026-02-03 15:25:02,2026-02-03 15:25:02
祈る,いのる,"기도하다, 빌다, 기원하다",to pray; to wish,2.5,11,2026-02-03 15:25:02,2026-02-03 15:25:02
盛ん,さかん,"왕성함, 번성함, 번창함","prosperous, active, thriving",2.5,11,2026-02-03 15:25:02,2026-02-03 15:25:02
アルバイト,アルバイト,"아르바이트, 동시에 두 가지 직업을 갖기, 사이드웍",part-time job,2.5,11,2026-02-03 15:25:02,2026-02-03 15:25:02
起こす,おこす,"일으키다, 깨우다, 피우다",to wake (someone) up,2.5,11,2026-02-03 15:25:02,2026-02-03 15:25:02
致す,いたす,해 드리다,-- extra-modest expression for する --,2.5,11,2026-02-03 15:25:02,2026-02-03 15:25:02
噛む,かむ,"깨물다, 물다, 씹다","to bite, to chew",2.5,11,2026-02-03 15:25:02,2026-02-03 15:25:02
赤ちゃん,あかちゃん,아기,"baby, infant",2.5,11,2026-02-03 15:25:02,2026-02-03 15:25:02
浅い,あさい,얕다,"shallow, superficial",2.5,11,2026-02-03 15:25:02,2026-02-03 15:25:02
うそ,嘘,"거짓말, 거짓",lie,2.5,11,2026-02-03 15:25:02,2026-02-03 15:25:02
小説,しょうせつ,소설,novel,2.5,11,2026-02-03 15:25:02,2026-02-03 15:25:02
親,おや,"부모, 근본",a parent,2.5,11,2026-02-03 15:25:02,2026-02-03 15:25:02
それに,それに,"게다가, 더욱이",moreover; besides,2.5,11,2026-02-03 15:25:02,2026-02-03 15:25:02
西洋,せいよう,"서양, 서양의","the West, Western countries",2.5,11,2026-02-03 15:25:02,2026-02-03 15:25:02
思う,おもう,"생각하다, 여기다","to think, to feel",2.5,11,2026-02-03 15:25:02,2026-02-03 15:25:02
パート (タイム),パート (タイム),규정 시간의 일부에 종사하는,part time (esp. female part time employees),2.5,11,2026-02-03 15:25:02,2026-02-03 15:25:02
時代,じだい,"시대, 시절","age, period, epoch, era",2.5,11,2026-02-03 15:25:02,2026-02-03 15:25:02
申し上げる,もうしあげる,"여쭈다, 여쭙다, 말씀드리다","(humble)to say, to tell",2.5,11,2026-02-03 15:25:02,2026-02-03 15:25:02
～式,～しき,식,~ ceremony; ~ style,2.5,11,2026-02-03 15:25:02,2026-02-03 15:25:02
出席,しゅっせきする,출석,attendance,2.5,11,2026-02-03 15:25:02,2026-02-03 15:25:02
～家,～か,"집, 집안",person who is specialized in ~,2.5,11,2026-02-03 15:25:02,2026-02-03 15:25:02
迎える,むかえる,"맞아하다, 맞다, 맞이하다",to welcome; to meet; to greet,2.5,11,2026-02-03 15:25:02,2026-02-03 15:25:02
触る,さわる,"만지다, 손을 대다, 더듬다","to touch, to feel",2.5,11,2026-02-03 15:25:02,2026-02-03 15:25:02
建て,～だて,"층 건물, 단독 주택","~ storied, separate housing",2.5,11,2026-02-03 15:25:02,2026-02-03 15:25:02
社長,しゃちょう,사장,president of a company,2.5,11,2026-02-03 15:25:02,2026-02-03 15:25:02
動物園,どうぶつえん,동물원,zoo,2.5,11,2026-02-03 15:25:02,2026-02-03 15:25:02
捕まえる,つかまえる,"붙잡다, 잡다","to catch, to arrest",2.5,11,2026-02-03 15:25:02,2026-02-03 15:25:02
季節,きせつ,계절,season (in reference to weather),2.5,11,2026-02-03 15:25:02,2026-02-03 15:25:02
寄る,よる,"다가가다, 달라붙다, 들르다",to stop by,2.5,11,2026-02-03 15:25:02,2026-02-03 15:25:02
決まる,きまる,"결정되다, 정해지다, 잡히다",to be set; fixed (v.i.),2.5,11,2026-02-03 15:25:02,2026-02-03 15:25:02
開く,ひらく,"열다, 열리다, 벌이다",to open; to hold (an event),2.5,11,2026-02-03 15:25:02,2026-02-03 15:25:02
逃げる,にげる,"도망치다, 도망가다, 달아나다","to escape, to run away",2.5,11,2026-02-03 15:25:02,2026-02-03 15:25:02
だから,だから,"그러므로, 그러니까, 그러니",so; therefore,2.5,11,2026-02-03 15:25:02,2026-02-03 15:25:02
残念,ざんねん,"유감스러움, 유감, 아쉬움",regret; regrettable,2.5,11,2026-02-03 15:25:02,2026-02-03 15:25:02
畳,たたみ,"장, 다다미",tatami mat (Japanese straw mat),2.5,11,2026-02-03 15:25:02,2026-02-03 15:25:02
丁寧,ていねい,"정중함, 정성을 들임, 공손함","polite, courteous, careful",2.5,11,2026-02-03 15:25:02,2026-02-03 15:25:02
地理,ちり,지리,geography,2.5,11,2026-02-03 15:25:02,2026-02-03 15:25:02
さっき,さっき,아까,a little while ago,2.5,11,2026-02-03 15:25:02,2026-02-03 15:25:02
怖い,こわい,"무섭다, 두렵다","scary, frightening",2.5,11,2026-02-03 15:25:02,2026-02-03 15:25:02
包む,つつむ,"감싸다, 싸다","to wrap, to cover",2.5,11,2026-02-03 15:25:02,2026-02-03 15:25:02
なるべく,なるべく,"될 수 있는 한, 되도록, 가능하면","if possible, as much as possible",2.5,11,2026-02-03 15:25:02,2026-02-03 15:25:02
無理,むり,무리,"unreasonable, impossible",2.5,11,2026-02-03 15:25:02,2026-02-03 15:25:02
サンドイッチ,サンドイッチ,샌드위치,sandwich,2.5,11,2026-02-03 15:25:02,2026-02-03 15:25:02
会議室,かいぎしつ,회의실,conference room,2.5,11,2026-02-03 15:25:02,2026-02-03 15:25:02
品物,しなもの,"물품, 물건",goods,2.5,11,2026-02-03 15:25:02,2026-02-03 15:25:02
人形,にんぎょう,인형,"doll, figure",2.5,11,2026-02-03 15:25:02,2026-02-03 15:25:02
利用,りよう,이용,"use, utilization",2.5,11,2026-02-03 15:25:02,2026-02-03 15:25:02
飾る,かざる,꾸미다,"to decorate, to adorn",2.5,11,2026-02-03 15:25:02,2026-02-03 15:25:02
恥ずかしい,はずかしい,"부끄럽다, 창피하다","ashamed, embarrassed",2.5,11,2026-02-03 15:25:02,2026-02-03 15:25:02
いくら～ても,いくら～ても,아무리 ~해도,however much one may ~,2.5,11,2026-02-03 15:25:02,2026-02-03 15:25:02
用事,ようじ,"볼일, 일",business to take care of; tasks; errands,2.5,11,2026-02-03 15:25:02,2026-02-03 15:25:02
ビル,ビル,빌딩,(abbr.) building,2.5,11,2026-02-03 15:25:02,2026-02-03 15:25:02
けんかする,けんかする,"싸우다, 다투다",quarrel,2.5,11,2026-02-03 15:25:02,2026-02-03 15:25:02
頑張る,がんばる,힘을 내다,"to try one's best, to try hard, to persist",2.5,11,2026-02-03 15:25:02,2026-02-03 15:25:02
投げる,なげる,던지다,"to pitch, to cast away",2.5,11,2026-02-03 15:25:02,2026-02-03 15:25:02
故障,こしょうする,"고장, 부품 고장, 소내 정전",breakdown,2.5,11,2026-02-03 15:25:02,2026-02-03 15:25:02
力,ちから,힘,"strength, power",2.5,11,2026-02-03 15:25:02,2026-02-03 15:25:02
受ける,うける,"받다, 맞다, 치다","to take (an examination, interview, etc.); to receive",2.5,11,2026-02-03 15:25:02,2026-02-03 15:25:02
気分,きぶん,"기분, 의식 프레임","feeling, mood",2.5,11,2026-02-03 15:25:02,2026-02-03 15:25:02
間違える,まちがえる,틀리다,to make a mistake,2.5,11,2026-02-03 15:25:02,2026-02-03 15:25:02
そんな,そんな,그런,"such, like that, that sort of",2.5,11,2026-02-03 15:25:02,2026-02-03 15:25:02
星,ほし,별,star,2.5,11,2026-02-03 15:25:02,2026-02-03 15:25:02
場合,ばあい,"경우, 데","case, situation",2.5,11,2026-02-03 15:25:02,2026-02-03 15:25:02
やっと,やっと,"겨우, 간신히, 그제야","at last, finally",2.5,11,2026-02-03 15:25:02,2026-02-03 15:25:02
足りる,たりる,"충분하다, 족하다, 충족되다",to be sufficient; to be enough,2.5,11,2026-02-03 15:25:02,2026-02-03 15:25:02
行う,おこなう,"하다, 행하다",to carry out; to conduct (typically used in written language),2.5,11,2026-02-03 15:25:02,2026-02-03 15:25:02
ぶどう,ぶどう,포도,grapes,2.5,11,2026-02-03 15:25:02,2026-02-03 15:25:02
無くなる,なくなる,"없어지다, 떨어지다","to disappear, to get lost",2.5,11,2026-02-03 15:25:02,2026-02-03 15:25:02
準備,じゅんびする,"준비, 마련, 조합 품",prepare,2.5,11,2026-02-03 15:25:02,2026-02-03 15:25:02
世界,せかい,세계,world,2.5,11,2026-02-03 15:25:02,2026-02-03 15:25:02
住所,じゅうしょ,주소,address; place of residence,2.5,11,2026-02-03 15:25:02,2026-02-03 15:25:02
再来月,さらいげつ,다다음 달,the month after next,2.5,11,2026-02-03 15:25:02,2026-02-03 15:25:02
林,はやし,숲,"woods, forest",2.5,11,2026-02-03 15:25:02,2026-02-03 15:25:02
倍,ばい,"갑절, 배",double,2.5,11,2026-02-03 15:25:02,2026-02-03 15:25:02
痩せる,やせる,"여위다, 마르다",to lose weight,2.5,11,2026-02-03 15:25:02,2026-02-03 15:25:02
線,せん,선,"line, wire",2.5,11,2026-02-03 15:25:02,2026-02-03 15:25:02
戦争,せんそう,전쟁,war,2.5,11,2026-02-03 15:25:02,2026-02-03 15:25:02
決める,きめる,정하다,to decide (v.t.),2.5,11,2026-02-03 15:25:02,2026-02-03 15:25:02
調べる,しらべる,"조사하다, 살펴보다, 알아보다",to check; to look up; to inquire; to search,2.5,11,2026-02-03 15:25:02,2026-02-03 15:25:02
寝坊,ねぼう,"늦잠, 잠 꾸러기, 늦잠을 잠",sleeping in late,2.5,11,2026-02-03 15:25:02,2026-02-03 15:25:02
パパ,パパ,아빠,"papa, daddy",2.5,11,2026-02-03 15:25:02,2026-02-03 15:25:02
光る,ひかる,"빛나다, 번쩍이다","to shine, to glitter",2.5,11,2026-02-03 15:25:02,2026-02-03 15:25:02
夫,おっと,남편,husband,2.5,11,2026-02-03 15:25:02,2026-02-03 15:25:02
雲,くも,구름,cloud,2.5,11,2026-02-03 15:25:02,2026-02-03 15:25:02
坂,さか,"언덕, 비탈길, 고개","slope, hill",2.5,11,2026-02-03 15:25:02,2026-02-03 15:25:02
～(て) しまう,～(て) しまう,"마치다, 끝내다, 치우다",to end up ~,2.5,11,2026-02-03 15:25:02,2026-02-03 15:25:02
飛行場,ひこうじょう,"비행장, 소 비행장, 소형 비행장",airport,2.5,11,2026-02-03 15:25:02,2026-02-03 15:25:02
柔道,じゅうどう,유도,judo,2.5,11,2026-02-03 15:25:02,2026-02-03 15:25:02
決して,けっして,결코,never,2.5,11,2026-02-03 15:25:02,2026-02-03 15:25:02
事務所,じむしょ,사무소,office,2.5,11,2026-02-03 15:25:02,2026-02-03 15:25:02
連絡,れんらく,연락,"communication, contact, connection",2.5,11,2026-02-03 15:25:02,2026-02-03 15:25:02
小学校,しょうがっこう,"초등학교, 보통학교, 국민학교",elementary school,2.5,11,2026-02-03 15:25:02,2026-02-03 15:25:02
客,きゃく,"손님, 객","guest, customer",2.5,11,2026-02-03 15:25:02,2026-02-03 15:25:02
昔,むかし,"옛날, 예전, 예",old days; past,2.5,11,2026-02-03 15:25:02,2026-02-03 15:25:02
美しい,うつくしい,"아름답다, 곱다","beautiful, lovely",2.5,11,2026-02-03 15:25:02,2026-02-03 15:25:02
捨てる,すてる,"버리다, 내버리다","throw away (trash), dump, discard",2.5,11,2026-02-03 15:25:02,2026-02-03 15:25:02
なさる,なさる,하시다,-- honorific expression for する --,2.5,11,2026-02-03 15:25:02,2026-02-03 15:25:02
事,こと,일,"thing(s), matter(s), fact",2.5,11,2026-02-03 15:25:02,2026-02-03 15:25:02
どんどん,どんどん,"점점, 자꾸, 계속",quickly and steadily; at a rapid pace,2.5,11,2026-02-03 15:25:02,2026-02-03 15:25:02
試合,しあい,"시합, 경기","match, game, competition",2.5,11,2026-02-03 15:25:02,2026-02-03 15:25:02
適当,てきとう,적당,"fitness, suitability",2.5,11,2026-02-03 15:25:02,2026-02-03 15:25:02
素晴らしい,すばらしい,"멋지다, 훌륭하다, 대단하다",wonderful; terrific,2.5,11,2026-02-03 15:25:02,2026-02-03 15:25:02
美術館,びじゅつかん,미술관,"art gallery, art museum",2.5,11,2026-02-03 15:25:02,2026-02-03 15:25:02
文法,ぶんぽう,"문법, 근 수형도, 유향목",grammar,2.5,11,2026-02-03 15:25:02,2026-02-03 15:25:02
終わり,おわり,"끝, 마지막, 끝장",end,2.5,11,2026-02-03 15:25:02,2026-02-03 15:25:02
壁,かべ,벽,wall,2.5,11,2026-02-03 15:25:02,2026-02-03 15:25:02
一度,いちど,한번,"once, one time",2.5,11,2026-02-03 15:25:02,2026-02-03 15:25:02
お礼,おれい,"답례, 감사, 사례",expression of gratitude; thanking; gift of appreciation; bow,2.5,11,2026-02-03 15:25:02,2026-02-03 15:25:02
親切,しんせつ,친절,kindness,2.5,11,2026-02-03 15:25:02,2026-02-03 15:25:02
知らせる,しらせる,"알리다, 전하다",to notify,2.5,11,2026-02-03 15:25:02,2026-02-03 15:25:02
歯医者,はいしゃ,치과의사,dentist,2.5,11,2026-02-03 15:25:02,2026-02-03 15:25:02
熱心,ねっしん,열심,enthusiasm,2.5,11,2026-02-03 15:25:02,2026-02-03 15:25:02
始める,はじめる,"시작하다, 열다, 벌이다","to start, to begin",2.5,11,2026-02-03 15:25:02,2026-02-03 15:25:02
もらう,もらう,"받다, 얻다, 타다",to receive,2.5,11,2026-02-03 15:25:02,2026-02-03 15:25:02
泣く,なく,"울다, 고생하다",to cry,2.5,11,2026-02-03 15:25:02,2026-02-03 15:25:02
治る,なおる,"낫다, 치료되다",to get better; to recover from illness (v.i.),2.5,11,2026-02-03 15:25:02,2026-02-03 15:25:02
熱,ねつ,열,"fever, temperature",2.5,11,2026-02-03 15:25:02,2026-02-03 15:25:02
お祭り,おまつり,축제,festival,2.5,11,2026-02-03 15:25:02,2026-02-03 15:25:02
水道,すいどう,수도,"water service, water line",2.5,11,2026-02-03 15:25:02,2026-02-03 15:25:02
匂い,におい,"냄새, 향기","odor, smell",2.5,11,2026-02-03 15:25:02,2026-02-03 15:25:02
ベル,ベル,"벨, 종",bell,2.5,11,2026-02-03 15:25:02,2026-02-03 15:25:02
赤ん坊,あかんぼう,아기,baby,2.5,11,2026-02-03 15:25:02,2026-02-03 15:25:02
おかしい,おかしい,"이상하다, 우습다",strange; odd; funny,2.5,11,2026-02-03 15:25:02,2026-02-03 15:25:02
事故,じこ,사고,accident,2.5,11,2026-02-03 15:25:02,2026-02-03 15:25:02
変,へん,"변화, 변, 이상함","strange, odd",2.5,11,2026-02-03 15:25:02,2026-02-03 15:25:02
辞典,じてん,사전,"encyclopedia, reference book",2.5,11,2026-02-03 15:25:02,2026-02-03 15:25:02
残る,のこる,남다,"to remain (v.i.), to be left",2.5,11,2026-02-03 15:25:02,2026-02-03 15:25:02
立てる,たてる,"세우다, 내다, 일으키다","to stand (something) up, to erect (something)",2.5,11,2026-02-03 15:25:02,2026-02-03 15:25:02
くれる,くれる,"주다, 저물다","to give, to do for",2.5,11,2026-02-03 15:25:02,2026-02-03 15:25:02
～員,～いん,원,member of ~,2.5,11,2026-02-03 15:25:02,2026-02-03 15:25:02
原因,げんいん,"원인, 까닭, 탓","cause, origin, source",2.5,11,2026-02-03 15:25:02,2026-02-03 15:25:02
驚く,おどろく,놀라다,"to be surprised, to be astonished",2.5,11,2026-02-03 15:25:02,2026-02-03 15:25:02
いただく,頂く,받다,-- extra-modest expression for たべる and のむ; humble expression for もらう --,2.5,11,2026-02-03 15:25:02,2026-02-03 15:25:02
祖母,そぼ,"할머니, 조모, 할매",grandmother,2.5,11,2026-02-03 15:25:02,2026-02-03 15:25:02
場所,ばしょ,"장소, 곳, 자리","place, location",2.5,11,2026-02-03 15:25:02,2026-02-03 15:25:02
答,こたえ,"답, 대답, 해답","answer, response",2.5,11,2026-02-03 15:25:02,2026-02-03 15:25:02
もちろん,もちろん,"물론, 그럼","certainly, of course",2.5,11,2026-02-03 15:25:02,2026-02-03 15:25:02
漬ける,つける,"담그다, 절이다","to soak, to moisten, to pickle",2.5,11,2026-02-03 15:25:02,2026-02-03 15:25:02
受付,うけつけ,"접수, 접수처",reception(ist) desk,2.5,11,2026-02-03 15:25:02,2026-02-03 15:25:02
内,うち,"내부, 속, 안","within, inside",2.5,11,2026-02-03 15:25:02,2026-02-03 15:25:02
スクリーン,スクリーン,스크린,screen,2.5,11,2026-02-03 15:25:02,2026-02-03 15:25:02
増える,ふえる,"늘다, 많아지다","to increase, to multiply",2.5,11,2026-02-03 15:25:02,2026-02-03 15:25:02
または,または,"또는, 혹은, 내지","or, otherwise",2.5,11,2026-02-03 15:25:02,2026-02-03 15:25:02
けがする,けがする,"다치다, 상처 입다, 부상하다","injury (to animate object), hurt",2.5,11,2026-02-03 15:25:02,2026-02-03 15:25:02
以下,いか,"이하, 작거나같음, 엘 이","less than, below",2.5,11,2026-02-03 15:25:02,2026-02-03 15:25:02
選ぶ,えらぶ,"고르다, 뽑다, 가리다",to choose; to select,2.5,11,2026-02-03 15:25:02,2026-02-03 15:25:02
～ばかり,～ばかり,"~정도, ~만","just did ~, only",2.5,11,2026-02-03 15:25:02,2026-02-03 15:25:02
心,こころ,"마음, 맘, 넋","heart, mind",2.5,11,2026-02-03 15:25:02,2026-02-03 15:25:02
～だす,～だす,"내다, 내놓다",to start doing ~,2.5,11,2026-02-03 15:25:02,2026-02-03 15:25:02
サラダ,サラダ,샐러드,salad,2.5,11,2026-02-03 15:25:02,2026-02-03 15:25:02
届ける,とどける,"닿게 하다, 보내다, 신고하다",to deliver (v.t.),2.5,11,2026-02-03 15:25:02,2026-02-03 15:25:02
あいさつする,挨拶,인사하다,greet(ing),2.5,11,2026-02-03 15:25:02,2026-02-03 15:25:02
景色,けしき,경치,"scenery, landscape",2.5,11,2026-02-03 15:25:02,2026-02-03 15:25:02
確か,たしか,"확실함, 틀림없음, 확실히","if I remember correctly; certain, definite",2.5,11,2026-02-03 15:25:02,2026-02-03 15:25:02
ステーキ,ステーキ,"스테이크, 두툼하게 저민 살, 알루마이트줄무늬",steak,2.5,11,2026-02-03 15:25:02,2026-02-03 15:25:02
食料品,しょくりょうひん,식료품,"foodstuff, groceries",2.5,11,2026-02-03 15:25:02,2026-02-03 15:25:02
森,もり,숲,forest,2.5,11,2026-02-03 15:25:02,2026-02-03 15:25:02
以内,いない,"이내, 안","within, less (no more) than",2.5,11,2026-02-03 15:25:02,2026-02-03 15:25:02
予定,よてい,예정,"plans, arrangement, schedule",2.5,11,2026-02-03 15:25:02,2026-02-03 15:25:02
オーバー,オーバー,"오버, 오버하다 또는 넘어가다, 오우버","overcoat; over, exceeding, exaggeration",2.5,11,2026-02-03 15:25:02,2026-02-03 15:25:02
乾く,かわく,"마르다, 건조하다, 드립 드라이",to get dry,2.5,11,2026-02-03 15:25:02,2026-02-03 15:25:02
石,いし,돌,stone,2.5,11,2026-02-03 15:25:02,2026-02-03 15:25:02
思い出す,おもいだす,"생각해 내다, 생각나다, 추억하다","to recall, to remember",2.5,11,2026-02-03 15:25:02,2026-02-03 15:25:02
踊る,おどる,"춤추다, 추다, 무용하다",to dance,2.5,11,2026-02-03 15:25:02,2026-02-03 15:25:02
細かい,こまかい,"잘다, 자세하다, 사소하다","small; fine, minute",2.5,11,2026-02-03 15:25:02,2026-02-03 15:25:02
塗る,ぬる,"바르다, 칠하다","to paint, to plaster",2.5,11,2026-02-03 15:25:02,2026-02-03 15:25:02
ご主人,ごしゅじん,주인,"(your, her) husband",2.5,11,2026-02-03 15:25:02,2026-02-03 15:25:02
珍しい,めずらしい,"드물다, 희귀하다, 귀하다","unusual, rare",2.5,11,2026-02-03 15:25:02,2026-02-03 15:25:02
用,よう,"용도, 쓸모, 용무","errand, task, business (to take care of)",2.5,11,2026-02-03 15:25:02,2026-02-03 15:25:02
公務員,こうむいん,공무원,"government worker, public servant",2.5,11,2026-02-03 15:25:02,2026-02-03 15:25:02
お嬢さん,おじょうさん,아가씨,(someone's) daughter (polite),2.5,11,2026-02-03 15:25:02,2026-02-03 15:25:02
用意,ようい,"준비, 용의, 대비",preparation,2.5,11,2026-02-03 15:25:02,2026-02-03 15:25:02
探す,さがす,"찾다, 구하다","to search, to seek, to look for",2.5,11,2026-02-03 15:25:02,2026-02-03 15:25:02
形,かたち,"형태, 모양",shape,2.5,11,2026-02-03 15:25:02,2026-02-03 15:25:02
運転,うんてんする,운전,driving,2.5,11,2026-02-03 15:25:02,2026-02-03 15:25:02
すっかり,すっかり,"완전히, 죄다, 몽땅","all, completely",2.5,11,2026-02-03 15:25:02,2026-02-03 15:25:02
アナウンサー,アナウンサー,아나운서,announcer,2.5,11,2026-02-03 15:25:02,2026-02-03 15:25:02
お土産,おみやげ,"여행지에서 가족, 그 지방의 산물, 선물",souvenir,2.5,11,2026-02-03 15:25:02,2026-02-03 15:25:02
消しゴム,けしゴム,지우개,eraser,2.5,11,2026-02-03 15:25:02,2026-02-03 15:25:02
旅館,りょかん,여관,a Japanese inn,2.5,11,2026-02-03 15:25:02,2026-02-03 15:25:02
海岸,かいがん,"해안, 폐쇄식 망, 폐쇄망","coast, seashore",2.5,11,2026-02-03 15:25:02,2026-02-03 15:25:02
寂しい,さびしい,"외롭다, 허전하다, 쓸쓸하다","lonely, lonesome",2.5,11,2026-02-03 15:25:02,2026-02-03 15:25:02
火,ひ,불,fire,2.5,11,2026-02-03 15:25:02,2026-02-03 15:25:02
育てる,そだてる,"기르다, 키우다, 가꾸다",to raise (v.t.); to bring up,2.5,11,2026-02-03 15:25:02,2026-02-03 15:25:02
味噌,みそ,"된장, 군사정보지원기구, 메주","miso, bean paste",2.5,11,2026-02-03 15:25:02,2026-02-03 15:25:02
お祝い,おいわい,"축하, 경축","congratulation, celebration",2.5,11,2026-02-03 15:25:02,2026-02-03 15:25:02
乗り物,のりもの,"탈것, 교통수단",vehicle,2.5,11,2026-02-03 15:25:02,2026-02-03 15:25:02
案内,あんないする,안내,"information, guidance",2.5,11,2026-02-03 15:25:02,2026-02-03 15:25:02
通う,かよう,다니다,to go back and forth; to commute,2.5,11,2026-02-03 15:25:02,2026-02-03 15:25:02
連れる,つれる,"데리고 가다, 데리다, 이끌다","to lead, to take (a person)",2.5,11,2026-02-03 15:25:02,2026-02-03 15:25:02
技術,ぎじゅつ,"기술, 비결, 노우하우","technique, technology, skill",2.5,11,2026-02-03 15:25:02,2026-02-03 15:25:02
小鳥,ことり,"작은 새, 어린 새",small bird,2.5,11,2026-02-03 15:25:02,2026-02-03 15:25:02
下宿,げしゅく,"하숙, 하숙집","lodging, boarding house",2.5,11,2026-02-03 15:25:02,2026-02-03 15:25:02
ジャム,ジャム,잼,jam,2.5,11,2026-02-03 15:25:02,2026-02-03 15:25:02
招待,しょうたいする,초대,invitation,2.5,11,2026-02-03 15:25:02,2026-02-03 15:25:02
鏡,かがみ,거울,mirror,2.5,11,2026-02-03 15:25:02,2026-02-03 15:25:02
はず,はず,~일 것,it should be so,2.5,11,2026-02-03 15:25:02,2026-02-03 15:25:02
法律,ほうりつ,법률,law,2.5,11,2026-02-03 15:25:02,2026-02-03 15:25:02
進む,すすむ,나아가다,"to advance, to proceed",2.5,11,2026-02-03 15:25:02,2026-02-03 15:25:02
楽む,たのしむ,"즐거워하다, 즐기다",to enjoy,2.5,11,2026-02-03 15:25:02,2026-02-03 15:25:02
貿易,ぼうえき,"무역, 외국 무역, 해외교역",trade,2.5,11,2026-02-03 15:25:02,2026-02-03 15:25:02
反対,はんたい,"반대, 별도, 콘트라","oppose, opposition, resistance",2.5,11,2026-02-03 15:25:02,2026-02-03 15:25:02
おる,おる,"꺾다, 접다, 짜다",-- extra-modest expression for いる --,2.5,11,2026-02-03 15:25:02,2026-02-03 15:25:02
申す,もうす,"말씀드리다, 말하다, 해 드리다",-- extra-modest (humble) expression for 言う (いう) --,2.5,11,2026-02-03 15:25:02,2026-02-03 15:25:02
試験,しけん,"시험, 위성 시험",an exam,2.5,11,2026-02-03 15:25:02,2026-02-03 15:25:02
真面目,まじめ,"진심임, 진지함, 착실함","diligent, serious",2.5,11,2026-02-03 15:25:02,2026-02-03 15:25:02
ごらんになる,,보시다,-- honorific expression for みる --,2.5,11,2026-02-03 15:25:02,2026-02-03 15:25:02
店員,てんいん,"점원, 판매계, 남자점원",clerk; shop-employee,2.5,11,2026-02-03 15:25:02,2026-02-03 15:25:02
泊まる,とまる,"묵다, 머무르다",to stay (over night) (v.i.),2.5,11,2026-02-03 15:25:02,2026-02-03 15:25:02
よろしい,よろしい,"좋다, 괜찮다","(hon.) good, OK, all right",2.5,11,2026-02-03 15:25:02,2026-02-03 15:25:02
今夜,こんや,오늘 밤,"this evening, tonight",2.5,11,2026-02-03 15:25:02,2026-02-03 15:25:02
おつり,おつり,"거스름돈, 거스름",change; balance of money returned to the purchaser,2.5,11,2026-02-03 15:25:02,2026-02-03 15:25:02
チェックする,チェックする,체크하다,check,2.5,11,2026-02-03 15:25:02,2026-02-03 15:25:02
会話,かいわ,회화,conversation,2.5,11,2026-02-03 15:25:02,2026-02-03 15:25:02
空気,くうき,"공기, 분위기","air, atmosphere",2.5,11,2026-02-03 15:25:02,2026-02-03 15:25:02
交通,こうつう,"교통, 차량안내체계","traffic, transportation",2.5,11,2026-02-03 15:25:02,2026-02-03 15:25:02
ワープロ,ワープロ,워드프로세서,word processor,2.5,11,2026-02-03 15:25:02,2026-02-03 15:25:02
喜ぶ,よろこぶ,"기뻐하다, 반기다, 좋아하다","to rejoice, to be delighted, to be glad",2.5,11,2026-02-03 15:25:02,2026-02-03 15:25:02
急行,きゅうこう,급행,express train or bus,2.5,11,2026-02-03 15:25:02,2026-02-03 15:25:02
皆,みな,"모두, 다, 전부",everyone,2.5,11,2026-02-03 15:25:02,2026-02-03 15:25:02
味,あじ,맛,"flavor, taste",2.5,11,2026-02-03 15:25:02,2026-02-03 15:25:02
空港,くうこう,"공항, 공기 취출구, 항공항",airport,2.5,11,2026-02-03 15:25:02,2026-02-03 15:25:02
手袋,てぶくろ,장갑,glove(s),2.5,11,2026-02-03 15:25:02,2026-02-03 15:25:02
校長,こうちょう,"교장, 대사성","principal, headmaster",2.5,11,2026-02-03 15:25:02,2026-02-03 15:25:02
ごちそう,ごちそう,"대접, 진수성찬","feast, treating (someone)",2.5,11,2026-02-03 15:25:02,2026-02-03 15:25:02
踊り,おどり,"춤, 훨링운동, 진동회전운동",dance,2.5,11,2026-02-03 15:25:02,2026-02-03 15:25:02
興味,きょうみ,"흥미, 재미",interest (in something),2.5,11,2026-02-03 15:25:02,2026-02-03 15:25:02
引っ越す,ひっこす,이사하다,to move to a new place of residence,2.5,11,2026-02-03 15:25:02,2026-02-03 15:25:02
冷房,れいぼう,"냉방, 인공 냉방, 인공랭각","cooling, air conditioning",2.5,11,2026-02-03 15:25:02,2026-02-03 15:25:02
都合,つごう,"다른 일과의 관계, 형편, 사정","circumstances, convenience",2.5,11,2026-02-03 15:25:02,2026-02-03 15:25:02
遠慮,えんりょする,사양,"restraint, reserve, hesitate",2.5,11,2026-02-03 15:25:02,2026-02-03 15:25:02
亡くなる,なくなる,"죽다, 숨지다",to pass away,2.5,11,2026-02-03 15:25:02,2026-02-03 15:25:02
科学,かがく,과학,science,2.5,11,2026-02-03 15:25:02,2026-02-03 15:25:02
はっきり,はっきり,"분명히, 똑똑히, 명확히","clearly, distinctly",2.5,11,2026-02-03 15:25:02,2026-02-03 15:25:02
差し上げる,さしあげる,"드리다, 올리다",-- humble expression for あげる --,2.5,11,2026-02-03 15:25:02,2026-02-03 15:25:02
気持ち,きもち,"기분, 마음, 맘","feeling, sensation, mood",2.5,11,2026-02-03 15:25:02,2026-02-03 15:25:02
祖父,そふ,"할아버지, 조부",grandfather,2.5,11,2026-02-03 15:25:02,2026-02-03 15:25:02
港,みなと,항구,"harbor, port",2.5,11,2026-02-03 15:25:02,2026-02-03 15:25:02
予約,よやく,예약,reservation,2.5,11,2026-02-03 15:25:02,2026-02-03 15:25:02
凄い,すごい,"대단하다, 굉장하다","terrific, great",2.5,11,2026-02-03 15:25:02,2026-02-03 15:25:02
入学,にゅうがくする,입학,entry to school or university,2.5,11,2026-02-03 15:25:02,2026-02-03 15:25:02
片付ける,かたづける,치우다,"to (clean) tidy up (v.t.), to put away",2.5,11,2026-02-03 15:25:02,2026-02-03 15:25:02
写す,うつす,"그리다, 베끼다, 찍다",to copy (v.t.); to photograph,2.5,11,2026-02-03 15:25:02,2026-02-03 15:25:02
パソコン,パソコン,"피시, 퍼스컴, 퍼스널 컴퓨터",(personal) computer,2.5,11,2026-02-03 15:25:02,2026-02-03 15:25:02
部長,ぶちょう,"부장, 도가, 총지배인",department (division) manager,2.5,11,2026-02-03 15:25:02,2026-02-03 15:25:02
火事,かじ,화재,fire,2.5,11,2026-02-03 15:25:02,2026-02-03 15:25:02
足す,たす,"보태다, 마치다, 더하다",to add (numbers),2.5,11,2026-02-03 15:25:02,2026-02-03 15:25:02
教会,きょうかい,교회,church,2.5,11,2026-02-03 15:25:02,2026-02-03 15:25:02
彼ら,かれら,그들,they (usually male),2.5,11,2026-02-03 15:25:02,2026-02-03 15:25:02
いっぱい,一杯,"한 잔, 가득, 잔뜩","full, to the utmost",2.5,11,2026-02-03 15:25:02,2026-02-03 15:25:02
アメリカ,アメリカ,미국,"America, U.S.A.",2.5,11,2026-02-03 15:25:02,2026-02-03 15:25:02
男性,だんせい,"남성, 남자",man; male,2.5,11,2026-02-03 15:25:02,2026-02-03 15:25:02
理由,りゆう,"이유, 까닭, 사연",reason,2.5,11,2026-02-03 15:25:02,2026-02-03 15:25:02
生産,せいさんする,"생산, 생성 이온, 수압측심",production; to produce,2.5,11,2026-02-03 15:25:02,2026-02-03 15:25:02
着物,きもの,"옷, 기모노",kimono; Japanese traditional dress,2.5,11,2026-02-03 15:25:02,2026-02-03 15:25:02
おもちゃ,おもちゃ,"장난감, 노리개",a toy,2.5,11,2026-02-03 15:25:02,2026-02-03 15:25:02
暮れる,くれる,저물다,"to get dark, to come to an end",2.5,11,2026-02-03 15:25:02,2026-02-03 15:25:02
釣る,つる,낚다,to fish,2.5,11,2026-02-03 15:25:02,2026-02-03 15:25:02
～ちゃん,～ちゃん,"다정한 느낌의 호칭, 친근감을 주는 호칭",suffix for familiar (female) person,2.5,11,2026-02-03 15:25:02,2026-02-03 15:25:02
打つ,うつ,"치다, 때리다, 박다","to hit, to strike",2.5,11,2026-02-03 15:25:02,2026-02-03 15:25:02
あんな,あんな,저런,"such, like that",2.5,11,2026-02-03 15:25:02,2026-02-03 15:25:02
謝る,あやまる,"사과하다, 잘못을 빌다",to apologize,2.5,11,2026-02-03 15:25:02,2026-02-03 15:25:02
昼間,ひるま,"주간, 낮, 낮 동안","daytime, during the day",2.5,11,2026-02-03 15:25:02,2026-02-03 15:25:02
教育,きょういく,"교육, 자기성장",education,2.5,11,2026-02-03 15:25:02,2026-02-03 15:25:02
女性,じょせい,"여성, 여자, 여인",woman,2.5,11,2026-02-03 15:25:02,2026-02-03 15:25:02
米,こめ,쌀,uncooked rice,2.5,11,2026-02-03 15:25:02,2026-02-03 15:25:02
邪魔,じゃま,방해,"hindrance, intrusion",2.5,11,2026-02-03 15:25:02,2026-02-03 15:25:02
国際,こくさい,국제,international,2.5,11,2026-02-03 15:25:02,2026-02-03 15:25:02
隅,すみ,구석,corner,2.5,11,2026-02-03 15:25:02,2026-02-03 15:25:02
伺う,うかがう,"말씀을 듣다, 찾아뵙다, 여쭈다","humble form of 行く (いく), 聞く (きく) and 来る (くる)",2.5,11,2026-02-03 15:25:02,2026-02-03 15:25:02
再来週,さらいしゅう,다다음 주,the week after next,2.5,11,2026-02-03 15:25:02,2026-02-03 15:25:02
夢,ゆめ,꿈,a dream,2.5,11,2026-02-03 15:25:02,2026-02-03 15:25:02
喉,のど,"목, 목구멍",throat,2.5,11,2026-02-03 15:25:02,2026-02-03 15:25:02
最近,さいきん,"최근, 요즘, 요새","recently, nowadays, in recent years, most recent, latest",2.5,11,2026-02-03 15:25:02,2026-02-03 15:25:02
周り,まわり,"주위, 주변, 둘레",surroundings,2.5,11,2026-02-03 15:25:02,2026-02-03 15:25:02
歴史,れきし,"역사, 울폐도, 왕관마개",history,2.5,11,2026-02-03 15:25:02,2026-02-03 15:25:02
不便,ふべん,불편,inconvenience,2.5,11,2026-02-03 15:25:02,2026-02-03 15:25:02
血,ち,"피, 혈",blood,2.5,11,2026-02-03 15:25:02,2026-02-03 15:25:02
～続ける,～つづける,"계속하다, 홀드 온",to continue doing ~,2.5,11,2026-02-03 15:25:02,2026-02-03 15:25:02
毛,け,털,"hair, fur",2.5,11,2026-02-03 15:25:02,2026-02-03 15:25:02
ひどい,ひどい,"심하다, 너무하다","terrible, awful, unfair, cruel",2.5,11,2026-02-03 15:25:02,2026-02-03 15:25:02
例えば,たとえば,"예를 들면, 예컨대, 가령","for example, e.g.",2.5,11,2026-02-03 15:25:02,2026-02-03 15:25:02
中々,なかなか,"좀처럼, 꽤, 제법","very, considerably, quite",2.5,11,2026-02-03 15:25:02,2026-02-03 15:25:02
随分,ずいぶん,"대단히, 꽤, 몹시",extremely,2.5,11,2026-02-03 15:25:02,2026-02-03 15:25:02
～やすい,～やすい,"싸다, 값싸다, 쉽다",easy to do ~,2.5,11,2026-02-03 15:25:02,2026-02-03 15:25:02
押し入れ,おしいれ,벽장,closet,2.5,11,2026-02-03 15:25:02,2026-02-03 15:25:02
電灯,でんとう,"전등, 전등알",electric light,2.5,11,2026-02-03 15:25:02,2026-02-03 15:25:02
叱る,しかる,"꾸짖다, 꾸중하다, 꾸지람하다",to scold,2.5,11,2026-02-03 15:25:02,2026-02-03 15:25:02
サンダル,サンダル,샌들,sandal,2.5,11,2026-02-03 15:25:02,2026-02-03 15:25:02
びっくりする,びっくりする,"깜짝 놀라다, 놀라다",to be surprised,2.5,11,2026-02-03 15:25:02,2026-02-03 15:25:02
うまい,うまい,"잘하다, 맛있다, 솜씨가 뛰어나다",delicious; skillful; fortunate,2.5,11,2026-02-03 15:25:02,2026-02-03 15:25:02
変える,かえる,"바꾸다, 갈다","to change, to alter, to vary",2.5,11,2026-02-03 15:25:02,2026-02-03 15:25:02
講堂,こうどう,"강당, 명륜당, 코도",auditorium,2.5,11,2026-02-03 15:25:02,2026-02-03 15:25:02
子,こ,"자식, 아이",child,2.5,11,2026-02-03 15:25:02,2026-02-03 15:25:02
沸かす,わかす,"데우다, 열광시키다, 금속을 녹이다",to boil,2.5,11,2026-02-03 15:25:02,2026-02-03 15:25:02
レジ,レジ,"계산대, 금전등록기, 레지스터",register,2.5,11,2026-02-03 15:25:02,2026-02-03 15:25:02
しばらく,しばらく,"당분간, 잠깐, 한동안",little while,2.5,11,2026-02-03 15:25:02,2026-02-03 15:25:02
特に,とくに,"특히, 특별히",particularly,2.5,11,2026-02-03 15:25:02,2026-02-03 15:25:02
空く,あく,비다,"to open, to become empty (vacant)",2.5,11,2026-02-03 15:25:02,2026-02-03 15:25:02
計画,けいかくする,"계획, 블루 프린트","plan, project, schedule",2.5,11,2026-02-03 15:25:02,2026-02-03 15:25:02
通り,とおり,"길, 통함, ~대로","~ Street, ~ Avenue",2.5,11,2026-02-03 15:25:02,2026-02-03 15:25:02
下着,したぎ,"속옷, 내의, 인너웨어",underwear,2.5,11,2026-02-03 15:25:02,2026-02-03 15:25:02
経済,けいざい,경제,"economics, finance, economy",2.5,11,2026-02-03 15:25:02,2026-02-03 15:25:02
こう,こう,"이렇게, 교, 갑","like this, this way",2.5,11,2026-02-03 15:25:02,2026-02-03 15:25:02
是非,ぜひ,"반드시, 옳고 그름, 시비","certainly, by all means; without fail",2.5,11,2026-02-03 15:25:02,2026-02-03 15:25:02
裏,うら,"뒤, 뒷면, 뒤쪽","reverse side, back",2.5,11,2026-02-03 15:25:02,2026-02-03 15:25:02
為,ため,"위함, 때문, 이유","good, advantage, in order to",2.5,11,2026-02-03 15:25:02,2026-02-03 15:25:02
おいでになる,おいでになる,"오시다, 가시다, 계시다",(hon.) to be,2.5,11,2026-02-03 15:25:02,2026-02-03 15:25:02
変わる,かわる,"변하다, 바뀌다, 달라지다","to change (v.i.), to be transformed, to vary",2.5,11,2026-02-03 15:25:02,2026-02-03 15:25:02
以外,いがい,이외,"other than, with the exception of, excepting",2.5,11,2026-02-03 15:25:02,2026-02-03 15:25:02
済む,すむ,"끝나다, 해결되다","to finish, to end",2.5,11,2026-02-03 15:25:02,2026-02-03 15:25:02
ハンバーグ,ハンバーグ,"햄버거, 햄버그 스테이크, 햄버거 스테이크",hamburger steak,2.5,11,2026-02-03 15:25:02,2026-02-03 15:25:02
市,し,"시, 시장",city,2.5,11,2026-02-03 15:25:02,2026-02-03 15:25:02
引き出し,ひきだし,"서랍, 예금 인출, 인출",drawer,2.5,11,2026-02-03 15:25:02,2026-02-03 15:25:02
遊び,あそび,"놀이, 장난, 여유",play,2.5,11,2026-02-03 15:25:02,2026-02-03 15:25:02
支度,したくする,"준비, 채비",preparation,2.5,11,2026-02-03 15:25:02,2026-02-03 15:25:02
～始める,～はじめる,"시작하다, 열다, 벌이다",to start doing ~,2.5,11,2026-02-03 15:25:02,2026-02-03 15:25:02
見える,みえる,"보이다, 뵈다, 눈에 들어오다",to be visible; -- polite verb meaning 来る (くる) --,2.5,11,2026-02-03 15:25:02,2026-02-03 15:25:02
十分,じゅうぶん,충분,enough,2.5,11,2026-02-03 15:25:02,2026-02-03 15:25:02
音,おと,"소리, 음","sound, note",2.5,11,2026-02-03 15:25:02,2026-02-03 15:25:02
きっと,きっと,"반드시, 꼭","surely, definitely, undoubtedly, certainly",2.5,11,2026-02-03 15:25:02,2026-02-03 15:25:02
まず,まず,"우선, 먼저","first (of all), to start with",2.5,11,2026-02-03 15:25:02,2026-02-03 15:25:02
遠く,とおく,"먼 곳, 멀리","far away, distant",2.5,11,2026-02-03 15:25:02,2026-02-03 15:25:02
大体,だいたい,"대략, 대체로, 대체",approximately; in most cases; in general; to begin with (same as もともと),2.5,11,2026-02-03 15:25:02,2026-02-03 15:25:02
折れる,おれる,"부러지다, 접히다","to break, to be folded, to give in; to turn (a corner)",2.5,11,2026-02-03 15:25:02,2026-02-03 15:25:02
正しい,ただしい,"옳다, 맞다, 바르다",correct,2.5,11,2026-02-03 15:25:02,2026-02-03 15:25:02
輸入,ゆにゅう,수입,import,2.5,11,2026-02-03 15:25:02,2026-02-03 15:25:02
返事,へんじ,"답장, 답변, 대답","reply, answer",2.5,11,2026-02-03 15:25:02,2026-02-03 15:25:02
都,と,"도, 도시, 서울",metropolitan,2.5,11,2026-02-03 15:25:02,2026-02-03 15:25:02
産業,さんぎょう,"산업, 산업 기반",industry,2.5,11,2026-02-03 15:25:02,2026-02-03 15:25:02
伝える,つたえる,"전하다, 전달하다","to convey (a message); to tell, to report",2.5,11,2026-02-03 15:25:02,2026-02-03 15:25:02
お金持ち,かねもち; おかねもち,부자,rich person,2.5,11,2026-02-03 15:25:02,2026-02-03 15:25:02
説明,せつめい,"설명, 보고하다, 비율을 차지하다",explanation,2.5,11,2026-02-03 15:25:02,2026-02-03 15:25:02
島,しま,섬,island,2.5,11,2026-02-03 15:25:02,2026-02-03 15:25:02
道具,どうぐ,도구,tool,2.5,11,2026-02-03 15:25:02,2026-02-03 15:25:02
滑る,すべる,"미끄러지다, 타다","to slide, to slip",2.5,11,2026-02-03 15:25:02,2026-02-03 15:25:02
それほど,それほど,"그렇게, 그만큼, 그다지",to that degree; extent,2.5,11,2026-02-03 15:25:02,2026-02-03 15:25:02
以上,いじょう,"이상, 을 초과하여",more than; this is all,2.5,11,2026-02-03 15:25:02,2026-02-03 15:25:02
～まま,～まま,"대로, 그대로, 채",as it is,2.5,11,2026-02-03 15:25:02,2026-02-03 15:25:02
特急,とっきゅう,특급,limited express (train faster than an express),2.5,11,2026-02-03 15:25:02,2026-02-03 15:25:02
プレゼント,プレゼント,선물,"present, gift",2.5,11,2026-02-03 15:25:02,2026-02-03 15:25:02
～(に) よると,～(に) よると,"의하면, 따르면",according to ~,2.5,11,2026-02-03 15:25:02,2026-02-03 15:25:02
妻,つま,"아내, 처, 마누라",wife (humble),2.5,11,2026-02-03 15:25:02,2026-02-03 15:25:02
帰り,かえり,돌아오는 길,"return, coming back",2.5,11,2026-02-03 15:25:02,2026-02-03 15:25:02
具合,ぐあい,"상태, 형편","condition, state, health",2.5,11,2026-02-03 15:25:02,2026-02-03 15:25:02
堅; 硬; 固い,かたい,"단단하다, 딱딱하다, 굳다","solid, hard, firm",2.5,11,2026-02-03 15:25:02,2026-02-03 15:25:02
駐車場,ちゅうしゃじょう,주차장,parking lot,2.5,11,2026-02-03 15:25:02,2026-02-03 15:25:02
スーツ,スーツ,"양복, 슈트, 수우츠",suit,2.5,11,2026-02-03 15:25:02,2026-02-03 15:25:02
危険,きけん,위험,"danger, risk, hazard",2.5,11,2026-02-03 15:25:02,2026-02-03 15:25:02
髪,かみ,머리카락,hair,2.5,11,2026-02-03 15:25:02,2026-02-03 15:25:02
天気予報,てんきよほう,"기상예보, 일기예보, 날씨예보",weather forecast,2.5,11,2026-02-03 15:25:02,2026-02-03 15:25:02
彼女,かのじょ,"그 여자, 여자친구, 그녀",girlfriend; she,2.5,11,2026-02-03 15:25:02,2026-02-03 15:25:02
間,あいだ,"사이, 동안, 틈","space, interval",2.5,11,2026-02-03 15:25:02,2026-02-03 15:25:02
卒業,そつぎょう,졸업,graduation,2.5,11,2026-02-03 15:25:02,2026-02-03 15:25:02
それで,それで,"그래서, 따라서","and (conj.), thereupon, because of that",2.5,11,2026-02-03 15:25:02,2026-02-03 15:25:02
枝,えだ,가지,"branch, twig",2.5,11,2026-02-03 15:25:02,2026-02-03 15:25:02
専門,せんもん,전문,major; speciality,2.5,11,2026-02-03 15:25:02,2026-02-03 15:25:02
そろそろ,そろそろ,슬슬,"gradually, soon",2.5,11,2026-02-03 15:25:02,2026-02-03 15:25:02
送る,おくる,"보내다, 부치다","to send, to dispatch",2.5,11,2026-02-03 15:25:02,2026-02-03 15:25:02
あげる,あげる,"올리다, 주다",to give,2.5,11,2026-02-03 15:25:02,2026-02-03 15:25:02
騒ぐ,さわぐ,"소란 피우다, 떠들다, 동요하다","to make noise, to clamor",2.5,11,2026-02-03 15:25:02,2026-02-03 15:25:02
尋ねる,たずねる,묻다,to inquire (same as 質問する),2.5,11,2026-02-03 15:25:02,2026-02-03 15:25:02
放送,ほうそうする,방송,broadcasting,2.5,11,2026-02-03 15:25:02,2026-02-03 15:25:02
政治,せいじ,"정치, 정치학전공",politics,2.5,11,2026-02-03 15:25:02,2026-02-03 15:25:02
市民,しみん,시민,citizen,2.5,11,2026-02-03 15:25:02,2026-02-03 15:25:02
ファックス,ファックス,팩스,fax,2.5,11,2026-02-03 15:25:02,2026-02-03 15:25:02
負ける,まける,"지다, 패하다, 값을 깎아 주다","to lose (a game) (v.i.), to be defeated",2.5,11,2026-02-03 15:25:02,2026-02-03 15:25:02
指輪,ゆびわ,반지,(finger) ring,2.5,11,2026-02-03 15:25:02,2026-02-03 15:25:02
田舎,いなか,"시골, 촌, 농경의","rural, countryside",2.5,11,2026-02-03 15:25:02,2026-02-03 15:25:02
見つける,みつける,"찾아내다, 찾다, 발견하다","to discover, to find (v.t.)",2.5,11,2026-02-03 15:25:02,2026-02-03 15:25:02
高校生,こうこうせい,"고등학생, 고교생",high school student,2.5,11,2026-02-03 15:25:02,2026-02-03 15:25:02
講義,こうぎ,강의,a lecture,2.5,11,2026-02-03 15:25:02,2026-02-03 15:25:02
そんなに,そんなに,"그렇게, 그렇게까지","so much, like that",2.5,11,2026-02-03 15:25:02,2026-02-03 15:25:02
昼休み,ひるやすみ,"점심 후의 휴식시간, 점심시간","lunch break, noon recess",2.5,11,2026-02-03 15:25:02,2026-02-03 15:25:02
忘れ物,わすれもの,"잊은 물건, 분실물, 유실물","lost article, something forgotten",2.5,11,2026-02-03 15:25:02,2026-02-03 15:25:02
下りる,おりる,"내리다, 내려오다, 내려가다","to get down, to go; come down",2.5,11,2026-02-03 15:25:02,2026-02-03 15:25:02
腕,うで,팔,arm (in reference to body),2.5,11,2026-02-03 15:25:02,2026-02-03 15:25:02
訳,わけ,"의미, 번역, 역",reason; explanation,2.5,11,2026-02-03 15:25:02,2026-02-03 15:25:02
承知,しょうちする,"앎, 알아들음, 승낙","consent, acceptance",2.5,11,2026-02-03 15:25:02,2026-02-03 15:25:02
日記,にっき,일기,"diary, journal",2.5,11,2026-02-03 15:25:02,2026-02-03 15:25:02
高校; 高等学校,こうこう; こうとうがっこう,"고등학교, 고교, 하이스쿨",high school; senior high school,2.5,11,2026-02-03 15:25:02,2026-02-03 15:25:02
似る,にる,"닮다, 비슷하다","to resemble, to be similar",2.5,11,2026-02-03 15:25:02,2026-02-03 15:25:02
～おわる,～おわる,"끝나다, 마치다, 다하다",to finish doing ~,2.5,11,2026-02-03 15:25:02,2026-02-03 15:25:02
暖房,だんぼう,"난방, 집중난방, 열풍난방",heating,2.5,11,2026-02-03 15:25:02,2026-02-03 15:25:02
留守,るす,"부재중, 집에 없음, 집 보기",absence; not at home,2.5,11,2026-02-03 15:25:02,2026-02-03 15:25:02
割合,わりあい,"비율, 비교적, 백에 대하여","rate, ratio, percentage",2.5,11,2026-02-03 15:25:02,2026-02-03 15:25:02
寺,てら,절,Buddhist temple,2.5,11,2026-02-03 15:25:02,2026-02-03 15:25:02
慣れる,なれる,"익숙해지다, 익다",to grow accustomed to,2.5,11,2026-02-03 15:25:02,2026-02-03 15:25:02
普通,ふつう,"보통, 연립주택, 타운하우스",common; usual,2.5,11,2026-02-03 15:25:02,2026-02-03 15:25:02
手伝う,てつだう,"돕다, 도와주다, 거들다",to help,2.5,11,2026-02-03 15:25:02,2026-02-03 15:25:02
なるほど,なるほど,과연,I see; I now understand,2.5,11,2026-02-03 15:25:02,2026-02-03 15:25:02
くださる,くださる,주시다,"(hon.) to give, to confer",2.5,11,2026-02-03 15:25:02,2026-02-03 15:25:02
息子,むすこ,"아들, 자식",(humble) son,2.5,11,2026-02-03 15:25:02,2026-02-03 15:25:02
お子さん,おこさん,자녀분 (존대),(someone else's) child (polite),2.5,11,2026-02-03 15:25:02,2026-02-03 15:25:02
会場,かいじょう,"회장, 집회소","venue, meeting place",2.5,11,2026-02-03 15:25:02,2026-02-03 15:25:02
笑う,わらう,웃다,"to laugh, to smile",2.5,11,2026-02-03 15:25:02,2026-02-03 15:25:02
運ぶ,はこぶ,"옮기다, 나르다","to transport, to carry",2.5,11,2026-02-03 15:25:02,2026-02-03 15:25:02
文学,ぶんがく,문학,literature,2.5,11,2026-02-03 15:25:02,2026-02-03 15:25:02
光,ひかり,빛,light,2.5,11,2026-02-03 15:25:02,2026-02-03 15:25:02
お見舞い,おみまい,문병,"calling on someone who is ill, visit",2.5,11,2026-02-03 15:25:02,2026-02-03 15:25:02
席,せき,"자리, 좌석",a seat,2.5,11,2026-02-03 15:25:02,2026-02-03 15:25:02
～様,～さま,"모습, 상태, 같은","Mr., Mrs., Ms.",2.5,11,2026-02-03 15:25:02,2026-02-03 15:25:02
ご存じ,ごぞんじ,알고 계심,"knowing, acquaintance",2.5,11,2026-02-03 15:25:02,2026-02-03 15:25:02
下る,さがる,"내려가다, 내리다","to descend, to drop, to fall",2.5,11,2026-02-03 15:25:02,2026-02-03 15:25:02
字,じ,"글자, 자",letter; character,2.5,11,2026-02-03 15:25:02,2026-02-03 15:25:02
アジア,アジア,아시아,Asia,2.5,11,2026-02-03 15:25:02,2026-02-03 15:25:02
褒める,ほめる,칭찬하다,to praise; to say nice things,2.5,11,2026-02-03 15:25:02,2026-02-03 15:25:02
あ,あ,아,Ah,2.5,11,2026-02-03 15:25:02,2026-02-03 15:25:02
最も,もっとも,"가장, 제일",most,2.5,11,2026-02-03 15:25:02,2026-02-03 15:25:02
合う,あう,"만나다, 합쳐지다","to fit, to match",2.5,11,2026-02-03 15:25:02,2026-02-03 15:25:02
～代,～だい,"대, 재료, 대금",~ age; period,2.5,11,2026-02-03 15:25:02,2026-02-03 15:25:02
最後,さいご,"최후, 마지막, 남은 찌끼","last, end",2.5,11,2026-02-03 15:25:02,2026-02-03 15:25:02
値段,ねだん,"가격, 값, 신입 가격",price,2.5,11,2026-02-03 15:25:02,2026-02-03 15:25:02
退院,たいいんする,퇴원,leaving hospital,2.5,11,2026-02-03 15:25:02,2026-02-03 15:25:02
展覧会,てんらんかい,전람회,exhibition,2.5,11,2026-02-03 15:25:02,2026-02-03 15:25:02
久しぶり,ひさしぶり,오래간만,it has been a long time; for the first time in a long time,2.5,11,2026-02-03 15:25:02,2026-02-03 15:25:02
カーテン,カーテン,"커튼, 드림장막, 벽걸이 천",curtain,2.5,11,2026-02-03 15:25:02,2026-02-03 15:25:02
汽車,きしゃ,기차,train (steam),2.5,11,2026-02-03 15:25:02,2026-02-03 15:25:02
遅れる,おくれる,"늦다, 뒤늦다, 더디다",to (be) become late,2.5,11,2026-02-03 15:25:02,2026-02-03 15:25:02
見つかる,みつかる,"발견되다, 찾다, 들키다","to be found (v.i.), to be discovered",2.5,11,2026-02-03 15:25:02,2026-02-03 15:25:02
召し上がる,めしあがる,"잡수시다, 잡수다, 드시다",-- honorific form of 食べる (たべる) and 飲む (のむ) --,2.5,11,2026-02-03 15:25:02,2026-02-03 15:25:02
太る,ふとる,"살찌다, 찌다, 레이욘",to gain weight,2.5,11,2026-02-03 15:25:02,2026-02-03 15:25:02
注射,ちゅうしゃ,주사,injection,2.5,11,2026-02-03 15:25:02,2026-02-03 15:25:02
様,よう,"모습, 상태, 같은","way, manner, kind",2.5,11,2026-02-03 15:25:02,2026-02-03 15:25:02
～おき,～おき,먼 바다,after every ~,2.5,11,2026-02-03 15:25:02,2026-02-03 15:25:02
最初,さいしょ,"최초, 처음","beginning, first",2.5,11,2026-02-03 15:25:02,2026-02-03 15:25:02
御～,ご～,어,honorable ~,2.5,11,2026-02-03 15:25:02,2026-02-03 15:25:02
安心,あんしん,안심,"peace of mind, relief",2.5,11,2026-02-03 15:25:02,2026-02-03 15:25:02
直る,なおる,"고쳐지다, 낫다",to be fixed,2.5,11,2026-02-03 15:25:02,2026-02-03 15:25:02
集める,あつめる,모으다,"to collect, to gather (v.t.), to assemble",2.5,11,2026-02-03 15:25:02,2026-02-03 15:25:02
直す,なおす,"고치다, 정정하다, 바로잡다",to correct (v.t.); to fix,2.5,11,2026-02-03 15:25:02,2026-02-03 15:25:02
続く,つづく,"이어지다, 지속되다, 잇따르다",to be continued,2.5,11,2026-02-03 15:25:02,2026-02-03 15:25:02
先輩,せんぱい,선배,senior members of a group,2.5,11,2026-02-03 15:25:02,2026-02-03 15:25:02
約束,やくそく,"약속, 지급한","arrangement, appointment, promise",2.5,11,2026-02-03 15:25:02,2026-02-03 15:25:02
世話,せわする,신세,looking after; to look after,2.5,11,2026-02-03 15:25:02,2026-02-03 15:25:02
近所,きんじょ,"근처, 근방",neighborhood,2.5,11,2026-02-03 15:25:02,2026-02-03 15:25:02
将来,しょうらい,"장래, 미래상, 장래를 내다보고",(in the) future; prospects,2.5,11,2026-02-03 15:25:02,2026-02-03 15:25:02
億,おく,억,hundred million,2.5,11,2026-02-03 15:25:02,2026-02-03 15:25:02
数学,すうがく,수학,mathematics,2.5,11,2026-02-03 15:25:02,2026-02-03 15:25:02
文化,ぶんか,문화,culture,2.5,11,2026-02-03 15:25:02,2026-02-03 15:25:02
払う,はらう,"지불하다, 치르다, 털다",to pay,2.5,11,2026-02-03 15:25:02,2026-02-03 15:25:02
習慣,しゅうかん,습관,custom (in reference to culture),2.5,11,2026-02-03 15:25:02,2026-02-03 15:25:02
焼ける,やける,"타다, 구워지다","to burn, to be roasted",2.5,11,2026-02-03 15:25:02,2026-02-03 15:25:02
君,きみ,"~군, 너, 자네",you (informal for men),2.5,11,2026-02-03 15:25:02,2026-02-03 15:25:02
冷える,ひえる,"차가워지다, 식다","to grow cold, to cool down",2.5,11,2026-02-03 15:25:02,2026-02-03 15:25:02
点く,つく,"켜지다, 붙다, 점화되다","to be started, to be switched on",2.5,11,2026-02-03 15:25:02,2026-02-03 15:25:02
この間,このあいだ,"요전번에, 지난번, 일전","the other day, recently",2.5,11,2026-02-03 15:25:02,2026-02-03 15:25:02
かっこう,格好,"모양, 꼴","appearance, manner, shape, form, posture",2.5,11,2026-02-03 15:25:02,2026-02-03 15:25:02
かまう,,"상관하다, 관계하다, 보살피다","to mind, to care about, to be concerned about",2.5,11,2026-02-03 15:25:02,2026-02-03 15:25:02
続ける,つづける,"계속하다, 홀드 온","to continue, to keep up",2.5,11,2026-02-03 15:25:02,2026-02-03 15:25:02
落す,おとす,"떨어뜨리다, 떨구다, 지우다","to drop, to lose",2.5,11,2026-02-03 15:25:02,2026-02-03 15:25:02
明日,あす,"어제, 내일",tomorrow,2.5,11,2026-02-03 15:25:02,2026-02-03 15:25:02
出発,しゅっぱつする,"출발, 공격개시",departure,2.5,11,2026-02-03 15:25:02,2026-02-03 15:25:02
拝見,はいけんする,"배견, 삼가 봄","(humble) (polite) seeing, look at",2.5,11,2026-02-03 15:25:02,2026-02-03 15:25:02
割れる,われる,"갈라지다, 갈리다, 분열되다",to break,2.5,11,2026-02-03 15:25:02,2026-02-03 15:25:02
背中,せなか,등,back (of body),2.5,11,2026-02-03 15:25:02,2026-02-03 15:25:02
新聞社,しんぶんしゃ,신문사,newspaper company,2.5,11,2026-02-03 15:25:02,2026-02-03 15:25:02
いじめる,いじめる,"괴롭히다, 들볶다","to bully, to torment",2.5,11,2026-02-03 15:25:02,2026-02-03 15:25:02
回る、回す,まわる、まわす,"돌다, 돌아가다, 착륙복행","to go around, to revolve",2.5,11,2026-02-03 15:25:02,2026-02-03 15:25:02
～君,～くん,"~군, 너, 자네","Mr. (junior) ~, master ~",2.5,11,2026-02-03 15:25:02,2026-02-03 15:25:02
おっしゃる,おっしゃる,"말씀하시다, 말씀하다",-- honorific expression for いう --,2.5,11,2026-02-03 15:25:02,2026-02-03 15:25:02
眠い,ねむい,졸리다,"sleepy, drowsy",2.5,11,2026-02-03 15:25:02,2026-02-03 15:25:02
濡れる,ぬれる,젖다,to get wet,2.5,11,2026-02-03 15:25:02,2026-02-03 15:25:02
倒れる,たおれる,"쓰러지다, 넘어지다, 무너지다","to collapse, to break down",2.5,11,2026-02-03 15:25:02,2026-02-03 15:25:02
スーパー (マーケット),スーパー (マーケット),슈퍼마켓,supermarket,2.5,11,2026-02-03 15:25:02,2026-02-03 15:25:02
アクセサリー,アクセサリー,"액세서리, 파레르곤",accessory,2.5,11,2026-02-03 15:25:02,2026-02-03 15:25:02
考える,かんがえる,생각하다,to think (about); to consider,2.5,11,2026-02-03 15:25:02,2026-02-03 15:25:02
向かう,むかう,"향하다, 대하다, 맞서다","to face, to go towards",2.5,11,2026-02-03 15:25:02,2026-02-03 15:25:02
自由,じゆう,자유,freedom,2.5,11,2026-02-03 15:25:02,2026-02-03 15:25:02
仕方,しかた,"방법, 수",way (of doing something),2.5,11,2026-02-03 15:25:02,2026-02-03 15:25:02
首,くび,"목, 고개",neck,2.5,11,2026-02-03 15:25:02,2026-02-03 15:25:02
程,ほど,정도,"degree, extent",2.5,11,2026-02-03 15:25:02,2026-02-03 15:25:02
代わり,かわり,대신,"substitute, replacement",2.5,11,2026-02-03 15:25:02,2026-02-03 15:25:02
失敗,しっぱい,"실패, 실수, 와쉬 아웃","failure, mistake",2.5,11,2026-02-03 15:25:02,2026-02-03 15:25:02
工業,こうぎょう,공업,(manufacturing) industry,2.5,11,2026-02-03 15:25:02,2026-02-03 15:25:02
移る,うつる,"옮기다, 옮다",to move (from a house); to transfer (from a department); to shift,2.5,11,2026-02-03 15:25:02,2026-02-03 15:25:02
スーツケース,スーツケース,"슈트케이스, 여행 가방, 슈츠케이스",suitcase,2.5,11,2026-02-03 15:25:02,2026-02-03 15:25:02
ひげ,ひげ,수염,beard,2.5,11,2026-02-03 15:25:02,2026-02-03 15:25:02
研究室,けんきゅうしつ,"연구실, 연수실, 연구소",the professor's office; laboratory,2.5,11,2026-02-03 15:25:02,2026-02-03 15:25:02
工場,こうじょう,공장,factory,2.5,11,2026-02-03 15:25:02,2026-02-03 15:25:02
紹介,しょうかい,소개,an introduction,2.5,11,2026-02-03 15:25:02,2026-02-03 15:25:02
けれど; けれども,けれど; けれども,"하지만, 그러나, 그렇지만","but, although",2.5,11,2026-02-03 15:25:02,2026-02-03 15:25:02
舟,ふね,배,"ship, boat",2.5,11,2026-02-03 15:25:02,2026-02-03 15:25:02
動く,うごく,"움직이다, 일하다",to move,2.5,11,2026-02-03 15:25:02,2026-02-03 15:25:02
～(に) ついて,～(に) ついて,"~에 관하여, ~에 대해서","about, concerning",2.5,11,2026-02-03 15:25:02,2026-02-03 15:25:02
コンサート,コンサート,콘서트,concert,2.5,11,2026-02-03 15:25:02,2026-02-03 15:25:02
虫,むし,벌레,insect,2.5,11,2026-02-03 15:25:02,2026-02-03 15:25:02
優しい,やさしい,"다정하다, 상냥하다","kind (person), gentle (person), easy (problem)",2.5,11,2026-02-03 15:25:02,2026-02-03 15:25:02
コンピュータ; コンピューター,コンピュータ; コンピューター,컴퓨터,computer,2.5,11,2026-02-03 15:25:02,2026-02-03 15:25:02
植える,うえる,심다,to plant,2.5,11,2026-02-03 15:25:02,2026-02-03 15:25:02
両方,りょうほう,"양쪽, 양방","both sides, both parties",2.5,11,2026-02-03 15:25:02,2026-02-03 15:25:02
汚れる,よごれる,"더러워지다, 더럽혀지다, 오염되다",to become dirty,2.5,11,2026-02-03 15:25:02,2026-02-03 15:25:02
水泳,すいえい,수영,swimming,2.5,11,2026-02-03 15:25:02,2026-02-03 15:25:02
経験,けいけんする,경험,experience,2.5,11,2026-02-03 15:25:02,2026-02-03 15:25:02
勝つ,かつ,이기다,to win,2.5,11,2026-02-03 15:25:02,2026-02-03 15:25:02
砂,すな,모래,sand,2.5,11,2026-02-03 15:25:02,2026-02-03 15:25:02
警察,けいさつ,경찰,police; police station,2.5,11,2026-02-03 15:25:02,2026-02-03 15:25:02
取り替える,とりかえる,"바꾸다, 갈다","to exchange, to replace",2.5,11,2026-02-03 15:25:02,2026-02-03 15:25:02
急ぐ,いそぐ,서두르다,"to hurry, to be in a hurry, to rush",2.5,11,2026-02-03 15:25:02,2026-02-03 15:25:02
簡単,かんたん,간단,simple,2.5,11,2026-02-03 15:25:02,2026-02-03 15:25:02
参る,まいる,"가다, 참배하다, 오다",humble expression for 行く and 来る,2.5,11,2026-02-03 15:25:02,2026-02-03 15:25:02
全然,ぜんぜん,"온통, 모조리","not at all; wholly, entirely",2.5,11,2026-02-03 15:25:02,2026-02-03 15:25:02
特別,とくべつ,특별,special,2.5,11,2026-02-03 15:25:02,2026-02-03 15:25:02
復習,ふくしゅう,복습,"review (of lessons), revision",2.5,11,2026-02-03 15:25:02,2026-02-03 15:25:02
間に合う,まにあう,"시간에 맞추다, ~없이도 충분하다, 시간에 대다",to be in time for,2.5,11,2026-02-03 15:25:02,2026-02-03 15:25:02
役に立つ,やくにたつ,"도움이 되다, 쓸모가 있다","to be helpful, to be useful",2.5,11,2026-02-03 15:25:02,2026-02-03 15:25:02
もうすぐ,もうすぐ,"이제 곧, 머지않아",very soon; in a few moments; days,2.5,11,2026-02-03 15:25:02,2026-02-03 15:25:02
真中,まんなか,"한가운데, 가운데, 한복판","middle, center",2.5,11,2026-02-03 15:25:02,2026-02-03 15:25:02
戻る,もどる,"돌아가다, 돌아오다, 되돌아가다",to return (v.i.); to come back,2.5,11,2026-02-03 15:25:02,2026-02-03 15:25:02
研究,けんきゅう,"연구, 재탐색하다, 서적산업","study, research, investigation",2.5,11,2026-02-03 15:25:02,2026-02-03 15:25:02
ケーキ,ケーキ,케이크,cake,2.5,11,2026-02-03 15:25:02,2026-02-03 15:25:02
草,くさ,풀,grass,2.5,11,2026-02-03 15:25:02,2026-02-03 15:25:02
込む,こむ,"붐비다, 복잡하다",to be crowded,2.5,11,2026-02-03 15:25:02,2026-02-03 15:25:02
この頃,このごろ,"요즘, 요새, 요즈음","these days, nowadays",2.5,11,2026-02-03 15:25:02,2026-02-03 15:25:02
訪ねる,たずねる,"방문하다, 찾다",to visit,2.5,11,2026-02-03 15:25:02,2026-02-03 15:25:02
下げる,さげる,"내리다, 낮추다, 숙이다",to lower (v.t.); to hang,2.5,11,2026-02-03 15:25:02,2026-02-03 15:25:02
花見,はなみ,"꽃구경, 꽃놀이",cherry-blossom viewing,2.5,11,2026-02-03 15:25:02,2026-02-03 15:25:02
途中,とちゅう,"도중, 중","on the way, midway",2.5,11,2026-02-03 15:25:02,2026-02-03 15:25:02
入院,にゅういんする,입원,hospitalization,2.5,11,2026-02-03 15:25:02,2026-02-03 15:25:02
乗り換える,のりかえる,"갈아타다, 환승하다","to transfer (trains), to change (bus, train, etc.)",2.5,11,2026-02-03 15:25:02,2026-02-03 15:25:02
別れる,わかれる,"헤어지다, 갈라지다, 작별하다","to part from, to separate",2.5,11,2026-02-03 15:25:02,2026-02-03 15:25:02
～町,～ちょう,"거리, ~촌, 마을",the town of ~,2.5,11,2026-02-03 15:25:02,2026-02-03 15:25:02
安全,あんぜん,안전,"safety, security",2.5,11,2026-02-03 15:25:02,2026-02-03 15:25:02
看護婦,かんごふ,간호사,(female) nurse,2.5,11,2026-02-03 15:25:02,2026-02-03 15:25:02
見物,けんぶつ,구경,sightseeing,2.5,11,2026-02-03 15:25:02,2026-02-03 15:25:02
相談,そうだんする,상담,consultation,2.5,11,2026-02-03 15:25:02,2026-02-03 15:25:02
ガソリンスタンド,ガソリンスタンド,주유소,"gas station, service station",2.5,11,2026-02-03 15:25:02,2026-02-03 15:25:02
テニス,テニス,테니스,tennis,2.5,11,2026-02-03 15:25:02,2026-02-03 15:25:02
眠る,ねむる,"자다, 잠자다, 잠들다",to sleep,2.5,11,2026-02-03 15:25:02,2026-02-03 15:25:02
上がる,あがる,"오르다, 올라가다, 올라서다","to rise, to go up",2.5,11,2026-02-03 15:25:02,2026-02-03 15:25:02
翻訳,ほんやく,번역,translation,2.5,11,2026-02-03 15:25:02,2026-02-03 15:25:02
食事,しょくじする,식사,meal,2.5,11,2026-02-03 15:25:02,2026-02-03 15:25:02
おかげ,お陰,"덕분, 덕택, 덕",thanks or owing to,2.5,11,2026-02-03 15:25:02,2026-02-03 15:25:02
娘,むすめ,"딸, 딸아이, 자식",daughter (humble),2.5,11,2026-02-03 15:25:02,2026-02-03 15:25:02
湯,ゆ,"더운물, 뜨거운 물",hot water,2.5,11,2026-02-03 15:25:02,2026-02-03 15:25:02
競争,きょうそう,경쟁,"competition, contest",2.5,11,2026-02-03 15:25:02,2026-02-03 15:25:02
会議,かいぎ,"회의, 공소법원",business meeting; conference,2.5,11,2026-02-03 15:25:02,2026-02-03 15:25:02
湖,みずうみ,호수,lake,2.5,11,2026-02-03 15:25:02,2026-02-03 15:25:02
集まる,あつまる,모이다,"to gather (v.i.), to collect",2.5,11,2026-02-03 15:25:02,2026-02-03 15:25:02
～にくい,～にくい,밉다,difficult to do ~,2.5,11,2026-02-03 15:25:02,2026-02-03 15:25:02
生活,せいかつする,"생활, 수명현상","living, life; to live",2.5,11,2026-02-03 15:25:02,2026-02-03 15:25:02
糸,いと,실,thread,2.5,11,2026-02-03 15:25:02,2026-02-03 15:25:02
関係,かんけい,관계,"relation(ship), connection",2.5,11,2026-02-03 15:25:02,2026-02-03 15:25:02
ピアノ,ピアノ,피아노,piano,2.5,11,2026-02-03 15:25:02,2026-02-03 15:25:02
～目,～め,눈,"number ~ sequence, ~nd; ~th",2.5,11,2026-02-03 15:25:02,2026-02-03 15:25:02
番組,ばんぐみ,"방송, 프로그램, 프로",broadcast program,2.5,11,2026-02-03 15:25:02,2026-02-03 15:25:02
急,きゅう,"위급, 돌연, 급","urgent, sudden; steep",2.5,11,2026-02-03 15:25:02,2026-02-03 15:25:02
棚,たな,선반,"shelves, rack",2.5,11,2026-02-03 15:25:02,2026-02-03 15:25:02
木綿,もめん,"무명, 면직물, 솜",cotton,2.5,11,2026-02-03 15:25:02,2026-02-03 15:25:02
輸出,ゆしゅつする,수출,export,2.5,11,2026-02-03 15:25:02,2026-02-03 15:25:02
タイプ,タイプ,"타입, 타자 치는 일, 형","type, style",2.5,11,2026-02-03 15:25:02,2026-02-03 15:25:02
すり,すり,"소매치기, 인쇄, 쇄",pickpocket,2.5,11,2026-02-03 15:25:02,2026-02-03 15:25:02
うれしい,嬉しい,"기쁘다, 반갑다",to be happy; to be glad,2.5,11,2026-02-03 15:25:02,2026-02-03 15:25:02
アルコール,アルコール,"알코올, 와인의 알코올",alcohol,2.5,11,2026-02-03 15:25:02,2026-02-03 15:25:02
ソフト,ソフト,소프트웨어,soft; soft hat; software,2.5,11,2026-02-03 15:25:02,2026-02-03 15:25:02
神社,じんじゃ,신사,Shinto shrine,2.5,11,2026-02-03 15:25:02,2026-02-03 15:25:02
大分,だいぶ,"상당히, 오이타, 꽤","fairly well, to a large extent, considerably, pretty much",2.5,11,2026-02-03 15:25:02,2026-02-03 15:25:02
楽しみ,たのしみ,"즐거움, 재미","pleasure, joy",2.5,11,2026-02-03 15:25:02,2026-02-03 15:25:02
趣味,しゅみ,취미,hobby; pastime,2.5,11,2026-02-03 15:25:02,2026-02-03 15:25:02
電報,でんぽう,전보,telegram,2.5,11,2026-02-03 15:25:02,2026-02-03 15:25:02
家内,かない,"아내, 집사람",(one's own) wife,2.5,11,2026-02-03 15:25:02,2026-02-03 15:25:02
指,ゆび,손가락,finger,2.5,11,2026-02-03 15:25:02,2026-02-03 15:25:02
これから,これから,"이제부터, 앞으로","from now on, after this",2.5,11,2026-02-03 15:25:02,2026-02-03 15:25:02
たまに,たまに,"가끔, 때로, 더러",occasionally,2.5,11,2026-02-03 15:25:02,2026-02-03 15:25:02
社会,しゃかい,"사회, 처에 대한 부의 권리",society,2.5,11,2026-02-03 15:25:02,2026-02-03 15:25:02
